Tweet;komentar;Sentimen
1;Kominfo hrs dihukum krn data nik dan kk sdh bocor dan buanyak telpon whatsapp dr nomor gak jelas. | | Giliran kita melakukan kesalahan dihukum;Negatif
2;Maklum . . . | | latar belakang tani koq nanganin kominfo . . .  ya bocor lah . .  kan bukan ahlinya . | | Yg salah yg ngangkat dia jd mentri . . .  ya jokowi lah . . .  lihat dulu orangnya ahlinya apa di sesuaikan dulu harusnya . . . | | Yg lebih salah ya yg milih jokowi . . .  latar belakangnya kan meubel masa suruh mimpin Indonesia . . . | | Ngomong2 jokowi dulu pemilu menang jujur atw menang curang?;Negatif
3;Orang boomer mana tahu teknologi informasi,  jadi klo kehilangan itu salah'  Kominfo| , masa orang tamatan sarjana ekonomi pertanian dan alat alat yah begini| ,  yang nyimpen Kominfo tapi yang disalahkan atas hal ini masyarakat luar biasa ini Kominfo | sekjen Nasdem|  Jhonny G plate;Negatif
4;Gini pak ya,  semisal ada pengajuan proyek ttg keamanan siber ini setuji aja pak,  jadi rakyat sama bapak sendiri bisa seneng eheheh. | | Btw pasti gede lho itu biayanya pak. ;Negatif
5;Pejabat Kominfo Itu pada Gaptek apa gimana sih???| | itulah hasilnya kalo yg menjabat paling di Alu²kan di predikat lulusan  ijazah saja,  tanpa memandang skill yg Sebenarnya yg harusnya duduk di bidang itu| | Anehnya di salahkan mereka seolah² gak salah ,  apa memang Gak Faham jalur System IT nya atau masa bodoh si?!;Negatif
6;salah kominfo lah. | | udah tugas nya jaga privasi data orang indo. | | BISA KERJA KAGAK WOY KOMINFO?;Negatif
7;"Regsitrasi Sim Card ditugaskan Pemerintah kepada "" Kominfo""  untuk Daftar sim card tersebut tujuan nya yah banyak contoh nya biar data tidak bocor dll . . . . . | | Kesimpulan nya Orang""  yg Registrasi sim card nya ke situs web legal alias punya negara| | ngomong-ngomong, Nah sekarang permasalah nya Data bocor dan buanyak banget . . . .  siapa yang salah ? lihat lagi kalimat""  di atas| ,  Sudah daftar di situs pemerintah legal yaitu kominfo tpi bisa bocor ?. . . . .  nah kan jawaban ny dah muncul siapa yang salah jelas KOMINFO| | | | | | | ";Negatif
8;BASI LAH. | | DATA KITA DI JUAL NGOMONG KENA HACK. . ;Negatif
9;100% salah kominfo lah| | | Tugas hacker emang gitu kali misal ngehack shopi| | Setelah hacker bisa hack shopi,  lalu dilaporkan dimana titik lemahnya tanpa di salah gunakan| | Itu bisa dpt bayaran gede| | | Jd silahkan kuatkan keamanannya,  bukan malah ngelarang dihack;Negatif
10;Terimakasih KOMINFO kejadian ini membuktikan hacker yang lulusan SD tidak bisa bekerja dipemerintahaan | dibidangnya|  padahal punya keahlian, dan pendidikan formal, ijazah tinggi tidak menjamin skill seseorang. | | Kenapa di negara kita kalau bekerja harus dinilai dari ijazah bukan dinilai dari skillnya. ;Negatif
11;"Pas sih kl di katain idiot| bukanya memperkuat sistem malah ceramahin hacker nya,  udh kaya emak""  lg marahin anaknya wkwk pantes tdi gw dpt wa yg mengatas namakan bank BRI tentang perubahan tarif";Negatif
12;Kementrian Bajingan,  kementrian kountol !!| | Tingkat keamanan rendah orang lain kau salah kan| | Kementrian taek kucing kering| | Laknat lah kau semua!;Negatif
13;hal ini sangat lucu krn tujuan konminfo minta data adalah utk melindungi seseorang dari hal Ngtif atas penyalahgunaan sim card skrg jati diri pemberi data yang hilang. ibarat takut seseorang kena ujan dikasih payung tapi payungnya payung berlubang. hal ini hal serius. malu2in dan merugikan bangsa sendiri ini namanya. | | yg mengesalkan spam via sms tetap saja ada nyatanya. menkominfo perlu diisi org2x white hat baru ada artinya bagi keefektifan fungsi konminfo yang sesungguhnya;Negatif
14;Mau diapain itu data| | Ati ati data buat pemilu;Negatif
15;Ini nih yang mesti diperhatikan| | | 1.  Masalah kebocoran data sudah menjadi kebiasaan| | 2.  Tidak pernah belajar dari kebocoran data| | 3.  Ga ada yang mau ngaku dan tanggung jawab| | 4.  Pengajuan biaya untuk pengamanan data dan sejenisnya sering di nomor- 2 kan. | | | Parah sih kalo sampe jadi kebiasaan,  server database nya di cat no- drop aja biar ga bocor2 lagi tuh,  klo perlu di cor beton;Negatif
16;Non aktifkan pejabat di lingkungan kominfo yang terkait keamanan database pengguna.  Lakukan audit forensik,  cari oknumnya,  pecat. | | Selesai perkara;Negatif
17;Tau nya cuma blokir situs pekob| | Gk tau yg gini2;Negatif
18;next,  Bocor Data My Pertamina| ,  nanti salah2 an lagi tuh;Negatif
19;Itulah makanya pak bos,  layanan nyimpen data spt google dan meta  kemarin gak mau sepintu dengan bapak di PSE. | | blokir bokep aja susah,  apalagi nyimpen data orang. | | Bayangin kalo akte sertifikat tanah jadi digital,  ehh kena hack.  Wkwkwkwk;Negatif
20;Asyik,  Kominfo udah Open Source data data negara;Negatif
21;Bocor aja terus data2;Negatif
22;Bocor bocor bocor;Negatif
23;Kemarin sok sok an lha udah berapa kali data bocor ,  kalau udah seperti ini ,  lha salah siapa ya;Negatif
24;Pejabat yg lengah melindungi data penting penduduk Indonesia ini. .  dihukum mati saja yaa. .  supaya tdk lengah/ lalai dalam menjaga negara. . !!| | | Hancurr negara ini di pimpin orang2 nggak becus yg gila jabatan. . !!;Negatif
25;MAKANYA KOMINFO ITU GAK USAH PAKE ORANG2 TUA,  TEKNOLOGI ITU BERKEMBANG HARUS ANAK MUDA YG DUDUK DI KOMINFO, KARNA YG TUA2 OTAKNYA UDAH KETINGGALAN. . | | MAAF SAJA YA KLO TEKNOLOGI MEMANG HARUS YG MUDA YG URUS,  BUKAN YG TUA| | KALIAN NGOTOT KAMI HARUS REGISTRASI SIM CARD TAPI DATA KAMI KALIAN TIDAK BISA JAGA BAIK2. . LALU KAMI HARUS PERCAYA  SIAPA;Negatif
26;Hahahah bocor semua data gaada yang salah,  yang salah rakyat pemerintah ga salah kok jadi pemerintah ga ush minta maaf dan tanggung jawab| | | Tuntut saja pemerintah saat diakhirat nanti;Negatif
27;Tau gak pak pejabat,  mesin pesawat itu di- ' siksa'  sampe bener2 tau bahwa mesin tsb tahan terhadap kondisi lingkungan. | | | IT juga sama pak.  mesti harus ada stress test untuk memastikan data tsb aman dan itu ada harganya.  mohon kiranya duitnya jangan ditilep. ;Negatif
28;enteng BACOT blg tdk sparah hr ini, ,  klo tu daata dmanfaatkn utk kriminal lain sprti pinjol bgmn?| | TETEP hrs diproses krn DATA PRIBADI sdh ada UU nya & itu ksalahan perlindungan & kriminal wlopn bukan PELAKU!!!!| | sialan datga bocor bnyak alesn pdhl itu BAHAYA!;Negatif
29;Registrasi dibuat ribet , sim dulu bisa dipake disemua wilayah skrng sim perdana khusus Jabodetabek doang , eh msh bnyk sms penipuan masuk ,  nih lg data bocor solusinya malah ngeblokir websitenya lmaao. | | Giliran tanggung jawab gk mao tolol;Negatif
30;Kominfo benar2 ga bisa diharapkan. . . | | makan gaji buta doang. . . . bocor terus datanya;Negatif
31;Keamanan negriku sedang tidak baik2 saja;Negatif
32;"BIN turu
Ketar ketir kalau nanti data rakyat ilang makanya bergerak cepat sebelum ketahuan rakyat dan diamuk massa,  makanya mereka bikin opini kalau itu cuma hoax padahal dibalik layar mereka ketakutan kalau data rakyatnya di salah gunakan Dan takut dibilang sama rakyat ga bisa ngapa ngapain
Hayoo BIN?";Negatif
33;Jangan2 BIN bilang aman2 mereka sendiri ndak tau klo lagi kecolongan;Negatif
34;Kalau aman kenapa bocor ya berarti tidak aman logikanya;Negatif
35;Ya tidak ketahuanlah,  tetapi data2 nya sudah di pindahkan;Negatif
36;Jual beli data aja ga ditindak,  malah sibuk blokir2 hehe.  Ahli IT di pemerintahan cmn bs benerin kabel lan sama printer keknya;Negatif
33;"BSSN :  Tidak ada upaya pembobolan data
Meanwhile :  Qetar qetir";Negatif
34;dengan adanya hacker kayak bjorka ini nunjukin kalo pemerintah kita tu ga kompeten & ndak punya skil karna situs besar kepunyaan negara semacam ini bisa di bobol,  dan nunjukin juga keamanan data indonesia ga pernah upgrade;Negatif
35;Kok bin turun tangan kan kata nya data yg di share sama bjorka hoaks/ ga valid ?;Negatif
36;Yookk. . hacker yg lain muncul. . bantu bjorka buat acak acak data pemerintah. . ;Negatif
33;Ayo gerak cepat. . ! Itu ngaku2 Haceker Luar Negeri. Paling ulah bagian kelompok itu lagi. dpat data dari org dalam ngaku hecker. terbaca pola nya. i;Negatif
34;"mending retas situs kemensos aja , acak""  tuh data blt dsn pkh biar jdi tepat sasaran";Negatif
35;santuy aja kl emang ngga ada data yg dihack  ngga usah panik;Negatif
36;"Data pribadi itu sensitif harusnya hacker jahat dihukum berat seperti di Israel dihukum gantung, itu kan gibah, fitnah tanpa dasar hukum yg jelas bisa dibilang oknum hacker kafer. 
Aku pernah lihat hacker dulu memasuki data pribadi artis wg/ ts kamarnra di obok obok. 
Dulu tapi. ";Negatif
37;Data ilang di hack dibilangnya HOAX,  web securitynya dijaga dengan baik.  Jangan sampe dimaling.  lucu ya Hackernya yang dikejar pake UU ITE??.  Hayo para ahli IT bisa nggak tracking BJORKA!!.  Heleh emang bisa?,  tracking opposite aja memble. ;Negatif
38;Awalnya BIN menyangkal adanya pencurian data jokowi yg di lakukan oleh HACKER BJORKA . DI bantah dengan sangat pd nya .  Sekarang kok bergerak . padahal HACKER BJORKA sudah mencuri data selama 30 hari . STUPID INTELEGENCE;Negatif
39;Katanya data BIN aman kenapa gaduh hahaha edan;Negatif
40;AKUI SAJA SISTEM DATA KITA PALING LEMAH . .  1. 4 M BOCOR DATA SIM CARD;Negatif
41;ternyata bjorka pembohonggua kira ada data yg bocor, ternyata gk;Negatif
42;Yaelah,  situsnya BIN aja juga kena retas wkwk;Negatif
43;klw nga mampu tambal saja data dengan No Drop Anti Bocor Atap;Negatif
44;Kalau presiden yg di retas BIN turun tangan.  Kalau data rakyat yg bocor siapa yg mau turun tangan. . ????;Negatif
45;"Halah pas data presiden bocor baru gerak kemarin data rakyat bocor 1, 3 milyar kalian pada kemana.  Kerja untuk rakyat apa untuk untuk penguasa 
gw dh muak sama pemerintah";Negatif
46;Ya salah orangnya kenapa gk jaga datanya sendiri| | - kombadut2022;Negatif
47;baru saja minta data;Negatif
48;Bodo amat Data PLN bocor,  data simcard bocor. . | | | Yg penting gaji sama tunjangan lancarrrr;Negatif
49;Gw sih ga mau tau ya,  kalo sampai knp2 dgn data gw,  gw minta pertanggungjawaban Kominfo| | Simple kan?;Negatif
50;Waduhhh.  Apa dampaknya apa bila data itu bocor. . | | Kami kalangan daerah. ;Negatif
51;Hebat juga bisa dijebol.  Coba tinggaktkan lagi keamanan datanya,  wahai pemerintah. . ;Negatif
52;Tidak ada sistem yang aman, ;Netral
53;"Ditunggu aksi bjorka nge hack tv nasional lalu berpidato spt V for vendetta  "" remember , remember. . . . . . ";Negatif
54;"Bobol kok cuma begitu,  cuma data pribadi.  Itu juga klaim sepihak,  BIN juga gak ngerasa kebobolan,  berati ada orang dalem yg jual data . 
Bobol itu,  email,  ig,  WA pribadi chat dll,  baru kereeen";Negatif
55;tidak ada sistem yang aman;Netral
56;"masa data""  negara aja masih bisa bocor itu keamanan nya kurang kuat gimana si kalo semua data""  negara bocor dan kesebar luas gw mending dukung bjorka aja ,  lagi pula bjorka ngelakuin ini juga berniat baik dan untuk membenarkan negara rakyat ini";Negatif
57;"Gak ada sih ceritanya kebobolan data. . .  kalau tidak ada keterlibatan "" orang dalam"" . 
Cerita classic marketing crypto itu. . .  apa masa iya sih share- an wifi buat nonton bokep. . .  pakai pc admin. . .  mustahil sih. . .  input data kan gak harus selalu butuh koneksi. 
Kan ada istilah  yg disebut topologi. . .  macem warnet gitu deh";Negatif
58;Gmna mau tau kecolongan kn data nya gk di ambil,  cmn di salin;Negatif
59;"TIDAK ADA SYSTEM YANG AMAN
Jadi tidak ada hal yang mustahil system yang di anggap maximalpun keamananya tetap akan bisa DiBOBOL, 
Lebih baik perbaiki kesalahan diri masing masing. ";Positif
60;Sekelas bin bocor datanya busett dah bang . . .  Mantep bener ini bjorka;Negatif
61;Makanya klo orang indonesia ada yg jadi heker itu di kembangin jangan di tangkap atau di omelin.  Maaf saran;Positif
62;selama sistem operasi di pemerintahan menggunakan sistem operasi macam windows,  mac,  android,  google dll,  atau pake sistem operasi bikinan luar ya ga bakalan aman data negara.  krna mereka yg bikin pasti tau celah kemanannya atau mungkin dibikin backdoor nya. ;Netral
63;Saran :  sebaiknya perbaiki diri segera jgn sok nantang2 khawatirnya nanti dia makin ngeri buka2nya;Positif
64;mau tujuan bjorka politik ekonomi dll koq malah tujuan nya itu yg di fokus.  kenapa para pejabat negeri ini banyak bacot nya dari pada kerja nya.  bukannya perbaiki keamanan  cyber biar data rakyat aman;Negatif
65;Ahli cyber security pun masih belum ahli untuk membaca situasi dan menganalisa motif apa yg sebenarnya.  Hihihhhii;Negatif
66;wkwkw,  miliaran dana tapi situs jadi mainan. .  maluu malu;Negatif
67;Wajar lemah,  dia rekrutmen semaunya dia . . ;Negatif
68;Udahla cukup,  pemerintah simpan aja file2 dokumen2 penting di peti besi kayak zaman dulu2 ,  gk usah pake komputer kayak negara lain;Negatif
69;Sumpah gue ganyesel nonton drakor banyak bngt kasus2 politik yg related bngt beneran kejadian di negara konoha omg asumsi gue gasalah situs pemerintahan buat percobaan anak2 bocah keknya atau bisa jadi suruhan hem entahlah;Negatif
70;Sumpah anak muda kayak gini harusnya di pake pemerintah buat berbenah dan bertukar pikiran sama siber indo , jgan malah di tangkapin di grebek, terus kalo mereka ngeritik malah membantah gak kebobolan data, woyyy segitunya kalian takut ketauan kinerja siber indo kalo situs mereka masih abal abal, ;Negatif
71;"Situs pmerintah itu mmang lemah. 
Smpe d jadiin tmpat latihan utk para hacker pemula. 
Brati si Bjorka ini hacker pemula yg sdang latihan";Negatif
72;"Situs pemerintah kan yg jaga itu""  aja. 
Sekelas negara besar keamanan webnya database nya di injak""  kek rumput. . 
Wkwkw";Negatif
73;"situs pemerintah itu situs yg paling standar tapi dengan Anggaran Pengeluaran yang paling Gedeee. 
padahal UI/ UX' a standar bangetttttt,  bahkan beberapa bener2 gk enak dilihat mata,  terkesan itu situs asal buat aja. ";Negatif
74;Situs pemerintah Buat mainan Doong wkwkwk;Negatif
75;Situs pemerintah buat magang hacker critanya wkwkwk;Negatif
76;situs mainan. . wkwkw;Negatif
77;"Situs indonesia paling rentan
Contoh ojek online aja masih banyak yg make fake gps";Negatif
78;Situs dgn anggaran triliunan kok buat coba². .  emang sampah;Negatif
79;Sistim keamanan negara lemah,  tapi korupsinya kenceeeeeng buanget. . . wkwkwkwk;Negatif
80;Semoga Hacker Indonesia Lebih Peduli Kebenaran Untuk Indonesia bukan Sebaliknya. . . . .  Amien;Positif
81;Sekelas analis siber ketika ditolak,  mainannya terror telfon  segitu doang kemampuannya. ;Negatif
82;SEBENCI apapun kita dengan pemerintah,  BJORKA adalah musuh bersama! Karena,  walau dia mengungkap keburukan pemerintahan kita,  TAPI DIA JUGA JUAL DATA KITA!! Dia sok kayak robinhood pro rakyat,  tapi kita datanya juga dia jualin! Kan paraaahhhh!!;Positif
83;"orang2 dari pemerintah harus lihat ini
dengerin "" situs pemerintah cuma buat percobaan anak2 baru"" ";Negatif
84;Negara 270 juta penduduk yg berusaha menangkal kejahatan cyber crima dari negara lain tapi ada anak bangsa sendiri yg menjajah membocorkan rahasia negara malah disebut pahlawan. . ini bukti sbagian masarakat indonesia otaknya gak ada. ;Negatif
85;"Mukin Indonesa terlalu meremehkan hacker""  di belahan dunia sehinga tidak terlalu kawatir kebobolan situs peting negara kerena di sibukan dengan cuan";Negatif
86;"Miris bngt ya kekuatan pngamanan data pemerintah kita
Cuma buat mainan hacker pemula !!
Whatttt ???!!!!";Negatif
87;Memang benar situs pemerintah itu paling lemah. ;Negatif
88;malu ga tuh situs indonesia dijadiin bhn percobaan naik kelas hacker junior wkwk;Negatif
89;"Lindungi data Masyarakat aja gak bisa. . 
Gimana lagi mau sejahterakan masyarakat?
Bobrok dan miris. . . . ";Negatif
90;Kominfo hebat ya,  situs pemerintah paling kokoh;Negatif
91;"kenapa sangat mudah,  itu karna system nya lemah. . back up data pun
kurang dari segi kekuatan perlindugan. ";Negatif
92;Kebanyakan situs web di Indonesia itu bikinan mahasiswa perorangan untuk skripsi/ tugas akhir terkadang keamanan memang di kesampingkan,  bahkan ada yg tidak mengenkripsi password dan tidak membatasi penggunaan karakter form login;Negatif
93;Keamanan internet Indonesia jelas lemah pake banget lha wong pusat internet kita masih ngontrak . . . . . tanya tim Kominfo, Cyber dan BSSN kalau Indonesia selama ini nasi ngontrak dalam bermain internet. . . .  termasuk data kita mereka yg punya central  bisa hack data kita kapan dia mau;Negatif
94;"Keamanan Hukum :  mudah di jebol
Keamanan Teknologi :  mudah di jebol
Keamana Ekonomi :  udah jebol parah wkwk";Negatif
95;keamanan cyber Indonesia itu paling bobrok sedunia . . ;Negatif
96;keamanan cyber buatan pemerintah di indonesia seperti taman kanak kanak mungkin ya;Negatif
97;Katanya data lama,  katanya bukan data penting,  katanya data yg tidak penting. . .  Tapi ketar ketir!!! Huahahahaha. . .  Naruto ketar ketir nih;Negatif
98;Karena yg mengamankan situs pemerintah itu org bodoh hanya org partai yg bukan di bidangnya. ;Negatif
99;Karena indonesia dr dlu g bisa menghargai orang2 pintar. . .  Indonesia bukan sdm it  jelek. .  . .  yg master , jago2 hacking buanyak,  tp g bkal mau jadi pelindung pemerintah yg xxx. . . mereka akan bekerja dengan hati mereka. .  Introspeksi lah buat pemerintah. . ;Negatif
100;kalo masih pake vpn dr PS atw ios mw berbayar atw gratisan,  hati2 aja deh jgn nyoba terlalu dalam;Negatif
101;Kalau beneran serius buat konten,  bukan hacker yg untuk menyelesaikan masalah carut marut keamanan di Indonesia tp undang seorang system security yg bener2 tau bagaimana cara kerja keamanan sebuah sistem. .  Saya bisa merekomendasikan seorang system security yg udah berpengalaman;Netral
102;"ironi sih ini,  masa tiap taun kementrian dapet anggaran triliunan nggak ada pembenahan buat kemanan cyber. 
untuk kasus bjorka katanya pemerintah  udah ada tim kusus,  masa masih salah tangkep? yakali tim kusus isinya orang dalem juga?";Negatif
103;Indonesia malas berbenah urusan siber,  anggaran tiap tahun tidak tau kemana. ;Negatif
104;Harusnya para hacker ini difasilitasi negara agar membuat infrastruktur keamanan cyber.  Harusnya negara mendanai hacker yg melindungi akses keamanan cyber.  Alias polisi internet mereka ini perlu dihargai. ;Positif
105;Hampir Semua Hacker Hanya Sekumpulan Orang Bodoh Menurut Gua. . Ngehack Keamanan Negara Untunh nya apa? Mending sma- sma menjaga keamanan dta brsma;Positif
106;Gua setuju sama om teguh,  situs pemerintah itu buat mainan para hacker pemula istilahnya kalo game itu yg paling easy lah pemula disuruh bobol situs indonesia dulu baru next ke yg lebih hard lagi;Negatif
107;Gk heran klo situs pemerintah di bobol sih,  soalnya bgian ITnya kpsitasnya terbatas udh gtu org yg udh pro gk bkln mw krja di pemrntah uangya dkit;Negatif
108;"Gimana gak lemah situs pemerintah nya . . 
orang yg buat situs pemerintah nya para BOOMER ,  anak muda muda yg skill nya di atas mereka di acuhkan 
dan sekarang malah menteri nya minta bantuan Hacker local 
BAYAR WOEEE";Negatif
109;Enak sekali ngomong ibarat anak kita sendiri biar kita jaga sebaik mungkin pasti akan sakit dan lalai juga sebagai orang tua akibat anak Bisa mengalami kejadian yang tidak terduga. . . sekuat apapun tapi ketika ada celah langsung menjudge bahwa lemah perawan aja bisa di bobol kok walau sudah tertutup celana;Positif
110;"di sini kita bisa liat 
klo pemerintahan konoha tidak pernah serius mengatasi dan menjaga keamanan negara dan rakyatnya 
sangat memalukan 
apalgi pasukan coklat yg so suhu tapi cupu";Negatif
111;Data pemerintah sdh jadi mainan para hacker, , ini tantangan buat orang pintar di Indonesia;Netral
112;Dari sini kita tahu.  Meskipun anak” baru hacker percobaannya di sistem pemerintah.  Tpi itu bentuk perhatian anak”muda kepada sistem pemerintah.  Nah kami harap pemerintah bisa menjaring/  memfasilitasi anak” muda itu. ;Netral
113;dari jaman dulu yg namanya keamanan pemerintah emang lemah tapi kalau di usik ya ada aja yg ketangkep;Netral
114;Brati cupu banget ya pertahanan security cybernya.  Miris;Negatif
115;negara 270 juta penduduk yg berusaha menangkal kejahatan cyber crima dari negara lain tapi ada anak bangsa sendiri yg menjajah membocorkan rahasia negara malah disebut pahlawan. . ini bukti sbagian masarakat indonesia otaknya gak ada. ;Netral
116;""" Situs pemerintah tempat paling nyaman buat belajar hacking"" 
 100% correct. . ";Negatif
117;Betul setuju perkuat. . . sistem keamananya. . . . . ;Positif
118;betul,  dari pada ngejar BJsalak yg g jelas itu,  buang2 waktu tenaga dan pikiran,  lbh baik perkuat pertahanan keamanan data diindonesia. ;Positif
119;lebih masuk akal sih perkuat keamanan dari pada nyari penjahat didunia maya. . .  ;Positif
120;perkuat data keamanan dahulu bukan nya malah mencari maling dahulu;Negatif
121;Ini bener yg dibilang. .   drpd gedebag gedebug nyari2 bjorka. . . benahi saja keamanan datanya;Positif
122;namanya juga negeri wakanda,  iya mudah lh hacker menembus data;Negatif
123;Perkuat sistem keamanan yang bapuk, , gk usah nyari hantu yg kaga kelihatan;Negatif
124;permasalahan sebenarnya disini bukan membuka identitas para hacker tapi intinya Indonesia belum mampu mengelola keamanan cybernya jadi tolong jangan dipaksakan penggunaan teknologi seperti pedulicuan,  pertaminakami,  dll. ;Negatif
125;Mestinya yang bekerja di bagian kominfo,  syarat wajib mesti paham teknologi.  Bukan diisi orang sembarangan/ titipan.  Rekrut jago2 teknologi.  Indonesia penuh dengan anak2 muda berkualitas yang melek teknologi yang bisa dijadikan tameng negara untuk melindungi rahasia negara. ;Netral
126;Sama halnya ketika banyak developer yg membuat app maupun game walaupun sebagus apapun itu pasti ada aja bugs didalamnya makanya para developer terus mengupdate agar bugsnya bisa diatasi,  sama halnya dengan keamanan data2 perlu untuk terus diperbaharui karena celah2 yg ada bisa dimanfaatkan bagi para hacker untuk meretas. ;Netral
127;"Seharusnya orang seperti ini dikumpulkan dan buat 1 lembaga negara untuk menangkal hacker hacker dunia
Bukan diciduk dan dipenjara
MNfaatkan ILMU MEREKA demi keamanan negara
🇮🇩";Netral
128;"memang masalah kebocoran data di indonesia ini bukan hanya "" bocor""  tapi "" banjir"" ,  sebenarnya non hacker pun bisa membocorkan data. . .  semoga kedepannya lembaga2 pemerintah bisa lebih baik mengatasi keamanan cyber. . . . ";Netral
129;Cyber security dah kayak militer sebuah negara ya.  Dari kasus ini pelajaran berharga untuk Indonesia bahwa pertahanan negara selain tentara militer yg kuat memang yang sangat dibutuhkan,  tapi sangat penting untuk memiliki para tentara pertahanan cyber. ;Positif
130;Andaikan ada orang lokal berhasil membangun security system sendiri sesuai dengan yang ada didalam negeri apakah pemerintah nanti mengapresiasi dan memakai produk tersebut? Biasanya sih sering diabaikan.  Lebih percaya dengan produk luar.  Padahal produk luar itu belum tentu jujur dan bisa saja curang;Negatif
131;Itulah cari orang² yang punya kejeniusan,  skill dan prestasi untuk para cyber security di indonesia yang bisa dikatakan kurang orang,  bukan cari orang yang kerja malas²an,  gaji buta,  skill,  prestasi yang biasa aja,  tapi pinter masuk ke pekerjaan ini pake orang dalam segala. . . miris;Negatif
132;Menurut saya sih pemerintah Jarang mengadakan Pentes untuk Menguji seberapa kuat keamanan System mereka yang sudah buat bahkan tidak pernah. Kalau Pemerintah mau open mengadakan Uji Pentes yg di ikuti semua kalangan. yakin kelemahan System mereka selalu terjaga. sayang acara tidak di lakukan oleh pada akhirnya celah keamanan itu bocor. ;Netral
133;"Kesimpulan:  rakyat Indonesia perlu belajar pemrograman,  dan ditingkatkan dalam berfikir agar dapat membuat password yg rumit serta tdk mudah terbobol data""  nya";Positif
134;Buat anak anak Indonesia, perlu ada sekolah IT  cyber scurity!!!agar kita tidak diremehkan orang luar. ;Positif
135;orang2 jago dan ahli IT itu harusnya  di ajakin collabs untuk pemerintah agar menjaga  data tetap aman ,  ya harus berani bayar juga . keliatan sepele tapi kalo udah data bocor alhasil panik kan .  lebih baik antisipasi daripada udah kejadian bingung apalagi data masyarakat . ;Netral
136;sy seorang IT security yg pernah pasang perangkat security di salah satu instansi pmrintah. .  ketika selesai deployment trus mau diintegrasikan ke network production. .  kata PICnya ga usah. .  yg penting udah terpasang di rack dan nyala lampunya | trus dipoto perangkatnya| . .  ribet klo harus belajar lagi mas. .  selama ini ngga ada masalah koq. .  wkkwkwkwkw. .  gimana mo aman!!;Negatif
137;sudah lebih 3 orang | hecker putih|  semua bilang keamanan system di indonesia sangat lemah dan dibuat sebagai percobaan buat hecker pemula,  jadi perlu meningkatkan keamanan bukan mensyahkan UU yang seperti Komeninfo inginkan;Negatif
138;Dari sini gua bisa tau bahwa situs pemerintah mudah di retas;Negatif
139;Usul nih pak,  sambil menunggu proses ni pak.  Alangkah baiknya amankan data data di institusi pemerintah;Positif
140;Negara kita memang minim banget security cyber jujur. ;Netral
141;Kalau lihat pemerintah Indonesia cuma bisa ketawa. . saat data bocor bukan cari jln orang yg bisa menjaga tapih malah marah sama anak2 yg pintar,  pemerintah sok pintar , sipurta yg pintar malah gak ajak kerja . ;Negatif
142;Hahahaha,  situs pemerintah di negara luas yg kaya akan SDA cuma dijadiin bahan latihan tahap awal sama hacker pemula . . .  Sebagai rakyat biasa saya merasa malu sama pemerintah,  semoga kejadian lawak ini ga nyebar ke negara lain;Negatif
143;""" SITUS PEMERINTAH BANYAK KELEMAHANYA""  dan akhirnya hanya di jadikan permainan oleh hacker,  Penting perlu di garis bawahi nih pak,  IT pemerintah LEMAH,  wkwkwkwk masih kalah sama mereka²";Negatif
144;Mangkan nya pemerintah jangan ribut bjorka nya,  ribut lah memperbaiki sistem siber di negeri ini,  kenapa bisa di bobol. ;Positif
145;generasi milenial seharusnya sudah bergerak mengambil alih sistem pemerintahan yg kolot ini. .  disemua lini. .  pertanyaanya fans konoha mau kaga regenerasi buat gantiaaan woy. .  | tidak ada system yg aman| ;Negatif
146;Maklum sih gampang di jebol,  kepala di bidang keamanan data masyarakat Indonesia gak tau apa- apa soal teknologi. . . .  + Malah di suruh jaga NIK sendiri. . . .  Lah . . . . ;Negatif
147;Wah. . .  Selemah itukah sistim keamanan webs pemerintah. . .   ?;Negatif
148;Waduhh, ,  ternyata situs pmerintah cuman sekelas mainan uji coba pemula, lemah sekali brarti yak;Negatif
149;simple aja sih gak ada sistem yang aman. .  sistem yang aman harga nya mahal dan you know lah. . .  awikwok. . awikwok. . . ;Negatif
150;Marilah kita berfikir Pstif. . jgn trus menyalahkan hacker terus. . . . justru ruang cyber kita bebaskn seluas2ny  siapa saja yg bisa bobol dan rusak system mlah jgn dihukum atau dipidanakan.  Justru mindset kita balik. . . hacker yg bisa bobol kita kasih reward dan kita rekrut ke  badan keamanan cyber.  Ini skdr masukn klo se7 loh| dgn bgtu ruang cyber kita smkin kuat krn dijaga org2 pinter;Netral
151;Segera pemerintah merubah prinsip| | | 1. angkatlah pejabat sesuai dengan keahliannya bukan karena kedekatan atau karena uang| | | 2. Putra putri indonesia yg ahli IT di beri prioritas dalam penerimaan ASN agar menyeimbangkan perkembangan zaman| | | 3. para hacker yg berasal dari indonesia di rangkul dan di bina, kalau perlu di berikan pekerjaan utk membantu membeckup data2 pemerintah bukan di tangkap atau di binasakan;Positif
152;Begitu banyak Hacker di Indonesia, terlepas dari baik buruk nya seorang hacker, menurut saya selalu ada sisi baik yang bisa di ambil. | | Seharus nya pemerintah merangkul mereka bagaimana memajukan tingkat keamanan siber di negara kita. | | Tapi yang terjadi malah sebaliknya, mereka di musuhi dan bahkan di penjara. ;Positif
153;harus lebih rajin lagi untuk bekerja dan mengecek analisa keamanan data. | | ;Positif
154;Sebaiknya SDM yang sudah memasuki lansia segera digantikan dengan yang lebih kompeten. | | Cari yang muda muda berdasarkan kemampuan nya dibidang IT. ;Positif
155;Ganti generasi yg muda2 aja pak;Netral
156;Hackers itu adalah sbg Audit kinerja para Pakar IT,  BIN,  Kominfo dan lainnya. | | Harusnya jgn terlalu menyalakan hacker tapi menyalahkan diri sendiri atas kelemahan2an yg ada. ;Positif
157;Pendapat pribadi nih,  orng klao udh di atas 50 sdh tidak produktif untuk mengikuti perkembangan teknologi. | | Jd sebaiknya untuk keminfo sendiri di isi anak2 muda,  yg masih memiliki kreatifitas di bidangnya. | | Sedangkan untuk yg sudah memasuki usia 50 sebaiknya jgn di beri tanggung jwb untuk mengelola. | | Apa lagi untuk TI sendiri peralihan teknologi dari yg lama ke baru terjadi sangat2 cepat sehingga sulit di ikuti seiring bertambahnya usia;Positif
158;Orang orang pintar amanah berakal sehat mampu mengusut tuntas dibanggakan semua orang agar semua yg merugikan terbongkar semua;Positif
159;"TIDAK ADA SYSTEM YANG AMAN
Jadi tidak ada hal yang mustahil system yang di anggap maximalpun keamananya tetap akan bisa DiBOBOL, 
Lebih baik perbaiki kesalahan diri masing masing. ";Positif
160;adanya hacker ini agar pemerintah lebih berhati2 lagi;Positif
161;Lebih sigap n sefty adalah cara aman;Positif
162;Menjadi pelajaran Baru buat pemerintah, sehingga dapat berbenah diri;Positif
163;Sistim siber lemah| | | Memang kebocoran data, namun memang sayapun belajar dan ingin tahu isi aplikasi. Memang risih tetapi yang jadi khawatir terhadap anak- anak sekolah. | | Saya rasa penyebab kebocoran data bukan dari siber lemah. Tetapi ke siapa perusahaan berjoinnya. | | China punya pesawat yang sangat panjang dan besar. Yang mungkin pesawat tersebut untuk menyadap dan menebarkan virus sehingga siber- siber itu mudah lemah sehingga data- data yg ada menyebabkan kebocoran. Atau memang sudah di racik sebelum data- data itu di jual ke publik. | | Tidak jauh ke situ. Kalau merucek dan ngericek sistim sampai pak jokowi belajar sepeda sampai bisapun tidak akan bertemu tituk lemahnya. | | Hehehe. . . . by. . . . ;Netral
164;Iya bener harus di validasi dulu lah orang data juga dari dulu juga banyak data,   ya tapi ga ada efek nya di hack juga kalo ada efek Ngtif sikat hacker nya aja sampe ketemu kalo ga mau di hack non aktifkan internet wow;Netral
165;Peratama ngomong benar. . . perbanyak keamanan hacking indonesia. . . atau siber. . . | | Cari pakar it yn pinter pinter. . . agar data pemerintah tak bisa di bobol. . . | | Angaran harus banyak. . . . ;Positif
166;Jika benar ulah bjorka ini maka sistem informasi pertahanan negara| Sisfohanneg|  harus lbih fokus mningktkn sistem keamanan data| krna kjdian ini mrupakan sinyal alamat lemahnya sisfohanneg. | | Tapi sya berharap ini bukan ulah buzzerp yg memainkan skenario baru ala Tsun zhu untuk menenggelamkn ikhwal kejahatan gerombolan sambo serta kebijakan kejam hrg bbm yg membuat rakyat kecil makin tersungkur dlm hidup nestapa yg panjang;Netral
167;Data bocor juga tidak pyur dari keamanan yg kurang baik| | Tp kadang penguna , atau masyarakat nya ngk hati2 masuk ke situs link, | | Kadang cuma karena uang 10k pada  siap masukin data ke situs, wab. ;Netral
168;Gak heran kita juga rakyat tau keamanan kita lemah krn dia penindas rakyatnya| | Semoga kedepannya lebih bagus;Netral
169;Begitu banyak Hacker di Indonesia, terlepas dari baik buruk nya seorang hacker, menurut saya selalu ada sisi baik yang bisa di ambil. | | Seharus nya pemerintah merangkul mereka bagaimana memajukan tingkat keamanan siber di negara kita. | | Tapi yang terjadi malah sebaliknya, mereka di musuhi dan bahkan di penjara. ;Positif
170;Data di situs pemerintah gak perlu di hack. . . .  sudah ada semua disitu untuk diakses publik.  ;Netral
171;Biaya ciber security dalam proyek pembuatan situs/ aplikasi pemerintahan biasanya dipangkas habis2an atau malah gak ada. ;Negatif
172;Ironis sih,  di tengah maju nya digitalisasi di kalangan masyarakat dengan hadir nya software house atau masuk nya perusahaan luar seperti google di indonesia yang mana sudah jelas didalam ada para GDE dari indonesia.  Pemerintah masih belum bisa mengahdirkan digitalisasi yang baik dalam hal keamanan.  Padahal banyak orang Indonesia yang hebat banget di bidang hacker,  software engineer,  data security dan lain nya;Negatif
173;"yang ngurusin keamanan cyber di indo siapa sih ? kominfo kah ? coba dong diadu sama hacker,  buat mastiin mereka tuh bener""  pinter atau kepilih karna ujian tertulis doang. ";Negatif
174;sehebat apapun keamanannya, .  hacker paling jago itu data digital,  di +62 mungkin data pribadi sebagian blm jadi perhatian,  kadang foto kopi kk jadi bungkus nasi uduk. .  saking cueknya dengan kerahasiaan data;Negatif
175;Jd org kaya di indonesia 🇮🇩 percuma ya kalau data pribadi rawan dicuri.  Pasti bisa disalah gunakan org lain.   Yah menurun lagi kepercayaan rakyat kpd pemerintahan. ;Negatif
176;Emang kenapa kalau negara luar datanya bocor apa urusannya sama yg di dalam negeri ;Netral
177;Data pribadi bocor??dari bpjs aja sudah bocor!!!jgn harap data pribadi rakyat Indonesia aman!!!!jadi sekarang mah tidak usa pedulikan data pribadi, karena sudah pasti tersebar luas bahkan sampai keluar negri!!!;Negatif
178;Data pribadi nasabah yg macet sering disalah gunakan pinjol.  Tp orang g kapok buat hutang ke pinjol karena terlilit kebutuhan hidup;Netral
179;wajar sih gampang dibobol,  mungkin uangnya habis buat dikorupsi makanya gak bisa bayar ahli cyber,  kalaupun dibayar itupun belum sesuai standar it security;Negatif
180;""" ngeri ya keamanan data di negeri ku""  ujarku yang biasa foto alamat,  dan data pribadi lainnya ke sosmed.  btw tanpa ceroboh kek gitu juga kadang suka aja bocor. . . ";Netral
181;Haduhh,  masa gaji pejabat pemerintah tinggi2 tapi ga bisa bayar cyber security wkwkwk,  parahh parahhhh;Negatif
182;"Kalimat pembuka dari JUBIR ,  ketahuan mau ""  CUCI TANGAN ""  dengan alasan semua negara menghadapi ANCAMAN SERANGAN CYBER YG SAMA,  jadi kesimpulannya "" KLO BOCOR DATA""  MOHON DI MAKLUM";Negatif
183;Solusi nya tutup pinjol ilegal atau legal agar data aman;Positif
184;Kemarin baru ada isu sertifikat vaksin bisa di sebar luaskan,  untuk itu jangan di cetak,  kasihan orang² percetakan,  selang sehari berita itu up,  ternyata aplikasi pemerintah sendiri yang dibobol. .  haddeh;Negatif
185;Iya tuh data pribadi ,  apalgi smua aplikasi skrng smua pake data ,  mau Gmail,  email,  harusnya amanin d satu hp;Positif
186;jangankan data pribadi untuk gembok kunci ruangan tahanan jugs bisa dicuri oleh napi;Netral
187;aplikasi peduli lindungi aman ga nih? jgn minta kami harus pakai aplikasi itu kl securitynya ga terjamin;Negatif
188;tidak ada yang aman di dalam media digital,  maka dari itu waspada dan berhati- hari dalam bermedia sosial. ;Positif
189;yang nakutin tuh gituu,  data kita bocor trs dipakai orang yg tidak bertanggung jawab buat pinjol;Netral
190;Boro boro peduli cyber security. .  coba lakukan asesmen,  sejauh mana skill para pranata komputernya. . ;Negatif
191;lha iya. .  tapi kan datanya udah kesebar. .  mosok harus ganti data diri? hahahaha ganti data KTP gitu? wkwkwkwkwkwk;Negatif
192;No no, ,  as long as the OLDEST still hold wewenang,  cyber security gaakan berkembang.  Musibah terjadi tanpa nyalahin kegaptekan mereka sendiri. ;Negatif
193;Mau data pribadi lu gembok kaya apa juga. kalau ada hacker sama aja. karena mereka lebih hebat lah;Negatif
194;Data yang akurat merupakan jaminan pemilihan umum yang tidak curang ! ! !;Positif
195;"Jawaban aparatur negara selalu normatif dan melepaskan tanggung jawab dengan kalimat ""  Keamanan adalah kewajiban bersama "" .  Jika begitu,  apa fungsi Lembaga ini secara spesifik?";Negatif
196;Kalo kata para netizen itu benar yaa bahwa di Indonesia ini memang ada jaringan siber yang bisa malah berdampak yang Pstif;Positif
197;Kalo menurut aku tentang kebijakan mengenai dari data - data yang telah dipersiapkan semuanya udah terlihat jelas dan lengkap!!!;Positif
198;Nah yang jadi permasalahan adalah kebocoran data digital banyak terjadi pada sistem pemerintahan dan perusahaan.  Dimana mereka lah yang memegang data pengguna dan rakyatnya.  Hackernya juga nyerang perusahaan dan instansi pemerintah,  bukan personal atau masing- masing rakyatnya. ;Netral
199;bagai mana kita bisa mempertahan kan negara ini. sehingga data data penting negara tidak bocor, tolong lah di perkuat lgi pertahanan dan keamanan ciberr di indonesia. ;Positif
200;Kalo memang itu kepentingan bersama,  tapi harus ada yg bertanggung jawab atas kebocoran data trsbut kecuali masyarakat umum dengan sengaja ngeshare ke sosmed tp klo data dikelola oleh sebuah lembaga Negara lalu bocor apakah itu tanggung jawab rakyat juga.  ;Positif
201;kewajiban bersama. .  mantap sekali.  mereka tinggal bobo saja,  kalau bocor tinggal nyalahin kita masyarakat;Negatif
202;Intinya ada penguasa yg pingin ada proyek,  mungkin proyek ttg keamanan cyber.  Hahaha masak pemberitaan masif   pasti ada pesanan dong wkwkwkwk;Negatif
203;Iya keamanan data adalah keamanan bersama. tapi masa data sampai bocor masih berkata tanggung jawab bersama sih . penyelenggara platformnya dong tanggung jawab kenapa bisa sampai bocor tuh data;Negatif
204;Bagaimana kewajiban bersama sih? Anda suruh mendaftarkan PSE di Kominfo,  Anda bilang akan menjaga kerahasian data.  Tapi setelah ada kasus seperti ini Anda bilang keamanan ditanggung bersama.  Betapa MUNAFIKNYA anda !!!!;Negatif
205;"Iya saya setuju keamanan data keaman milik bersama.  Tapi. . 
Bagaikan kita sedang di jalan raya.  Hati- hati mengemudi keselamatan adalah milik bersama.  Tapi. .  Tugas dan tanggung jawabnya ga sama. ";Negatif
206;Lha kok enak,  sandi negara dibayar pakai pajak rakyat,  kok bilang keamanan bersama,  berarti bahwa badan sandi negara itu bobol dong;Negatif
207;"Keamanan data kewajiban bersama. 
Hey para amatiran,  anda itu digaji oleh pajak rakyat untuk bekerja menjaga data rakyat. 
Klw anda gak mampu menjaga keamanan,  ya gak usah minta data rakyat.  Biar anda tidak makan gaji buta. ";Negatif
208;Keamanan bersama palaloe. . . .  mau lepas tanggung jawab aja;Negatif
209;Usahakan semua data yg penting jngan di simpan d sebuah situs;Positif
210;Bukti negara masih lemah dlm serangan cyber crime, dan jg tidak ada tanggung jwb jika ada pencurian data;Negatif
211;Semoga Undang Undang Cyber crime di Indonesia harus segera di sah kan. ;Positif
212;Jangankan menginformasikan pada masyarakat. . . .  mengakui situsnya jebol saja malu. . . . ;Negatif
213;Pengelola data juga harus bertanggung jawab.  Namaya doang aplikasi pedulilindungi tapi data sampai bocor tidak terlindungi. ;Negatif
214;Bilang aja Kominfo lepas tangan ini yang katanya semua aplikasi digital wajib sharing data? Jaga data KTP warnanya sja g becus mo sok ngurusin data aplikasi global.  Oblok kok di pake. ;Negatif
215;Situs pemerintah emg rawan,  apalagi IT nya cuma lulusan les lesan;Negatif
216;Kebocoran data.  kejadian ini adalah sinyal kritik membangun,  kepada pemerintah untuk bebenah diri menempatkan orang sesuai skill,  bukan karena pinter ngeles,  giliran data bocor,  bukannya memperbaiki tp menyalahkan pihak lain,  pada lempar tanggung jawab.  harusnya ada sikap meminta maaf,  secara jujur harus diakui belum mampu mengamankan data² pribadi masyarakat dengan maksimal.  bukan malah nyuruh untuk menjaga NIK sendiri. ;Positif
217;"harusnya pemerintah lebih banyak uji keamanan cyber yang kita punya bukan cuma bisa ngomong "" kalo bisa jangan nyerang""  tapi dirubah ke "" perbanyak sayembara celah keamanan cyber dengan imbalan yg menggiurkan bagi hacker yang bisa membobol serta memberikan solusi untuk menutup celahnya"" . . .  hacker butuh uang,  pemerintah butuh keamanan. . .  bisa dong kerja sama";Netral
218;Sebetulnya semakin maju kecanggihan elektronik secara tidak sadar kita sudah membocorkan data diri kita sendiri, contohnya penggunaan sidik jari, sensor wajah. ;Netral
219;19: 16 bisa,  solusinya pakai password manager,  tapi benar kata kak nana,  mau seberapa sering kita ganti password di sebuah layanan,  kalau memang databasenya bocor,  nihil,  apalagi hacker biasanya meninggalkan backdoor;Netral
220;"Percuma ,  kalau data kita di bilang tidak bakal bocor itu mustahil,  Karna  masih banyak perusahaan aplikasi yg  di indonesia verifikasi akun hars dengan KTP,   jadi pertanyaan nya apa perusahaan itu bisa amanah jaga KTP kita saat kita verifikasi data utk sebuah akun. . .  
Karna sebuah perusahaan aplikasi bisa menjual data nya buat perusahaan aplikasi lain. . . .  Jadi kalau di bilang pengamanan Indonesia masih lemah,  apa lagi kalau ada duit sangat lemah";Negatif
221;Tengok aja tempat parkir yg lebih sederhana dari kasus bocor data.  Ditempat parkir semuanya tidak bertanggung jawab bila ada kehilangan barang atau motor.  Padahal sudah bayar,  lalu tetap tidak ada jaminan barang hilang.  Yah dari atas kebawah sama - sama bobrok dan klise;Negatif
222;"tingkat keamanan siber di indonesia dari 1 sampai 10 | skala 10 terbaik terdebes| 
adalah 2 pakek doa. ";Negatif
223;Soal bocornya data itu. . ,  salahnya tidak disimpan dikardus,  terus digembok. . ;Netral
224;Data gw bocor dan gw amanin sendiri,  percuma juga lapor  semoga ga ada kerugian material;Negatif
225;"Hackers itu adalah sbg Audit kinerja para Pakar IT,  BIN,  Kominfo dan lainnya. 
Harusnya jgn terlalu menyalakan hacker tapi menyalahkan diri sendiri atas kelemahan2an yg ada. ";Netral
226;Kan sudah ada artikel yg menyebut kalo keamanan cyber dindonesia seperti dijalankan oleh anak umur 14 tahun. . . . . ;Negatif
227;"Pihak dalam pun mengetahui kalo keamanan mereka memang lemah  Bahkan dlu ada anak bangsa jadi hacker pernah meretas NASA tapi sikap pemerintah seolah olah tidak mendukung adanya hacker di Indonesia. 
Semakin banyak yang disembunyikan,  semakin buruk hidup anda. ";Negatif
228;Prosedur dan standar dibikin,  tapi departemen mana saja yg harus implementasi tdk disosialisasikan.  Audit IT security juga tdk dilaksanakan;Negatif
229;Patut diduga jangan² kasus bocornya ID ini ada pihak kementrian pemerintah yg terlibat dengan Mafia bandar judi online.  Parah pemerintah saat ini gak amanah yg kebijakan nya gak berpihak pada rakyat kecil dan slalu menyengsarakan rakyatnya;Negatif
230;RAKYAT BUTUH BUKTI DAN DATA2 YG DETAIL SERTA LENGKAP/ UTUH,  BUKAN CUMA BANTAHAN2 YG BERSIFAT ABSURD  |  OMDO |  TANPA DIDUKUNG OLEH2 DATA2 DAN BUKTI2 YG VALIDITAS KEPERCAYAAN NYA TERJAMIN KEBENARAN NYA;Negatif
231;intinya adalah sdm IT yg kerja dipemerintah tidak kompeten,  karna IT itu sgt saintifik dan tidak bisa dikarang2 seperti hukum,  staff ga ngerti hukum msi bisa berkelit pake logika,  tpi staff ga bisa IT cuman muter2 dialasan payung hukum;Negatif
232;Di tahun 2020 saya pernah ngobrol sama temen,  dan saya sempat bilang hati2 data pribadi kita skrng krn skrng era digital.  Data pribadi kita bisa bisa sjaa salahgunakan oleh oknum- oknum untuk penipuan. ;Netral
233;Rekrut orng2 yang berpengalam dibidang IT untuk pengamanan sistem security indonesia;Positif
234;"Muter""  validasi. . jelas lemah akuin saja lah jika banyak yg tdk ahli bekerja yg di hadapi. . 
Jelas lemah bsn tdk mengakui. . selalu formal"" . pd hal kecepatan mereka selalu bergerak mencuri data.  terus rakyat mau percaya sama siapa untuk mengankan data warga negara ini.  kok kayaknya pemerintah mengelak";Negatif
235;Tantangan bagi pemerintah untuk melakukan rekruitmen pegawai yang kompeten.  Yang benar benar ahli di bidangnya;Positif
236;Pemerintahnya terkesan lepas tangan g mau mengakui kesalahan  orang tua tua keminfo turun semua . . .  Ganti ama pemain baru yg update . . .  Jgn titipan parpol terus;Negatif
237;"Begitu banyak Hacker di Indonesia, terlepas dari baik buruk nya seorang hacker, menurut saya selalu ada sisi baik yang bisa di ambil.  
Seharus nya pemerintah merangkul mereka bagaimana memajukan tingkat keamanan siber di negara kita.  ";Positif
238;Kita harus berterima kasih kepada bjorka karna memang betul adanya keamanan negara kita masih sangat mudah di retas . . semoga pejabat tinggi kedepanya memilik skill bukan pejabat yang banyak mangkir;Negatif
239;Idealnya di bahas bahasaistlah istilah  IT ,  supaya kita sebagian orang orang ahli IT kita faham dan tenang juga.  Sebab yang di hadapi Hecker berkelas. ;Netral
240;mau lemah atau tidak,   enggak  ada urusan.   intinya  kejujuran,  jgn membohongi rakyat.   save bjorka;Negatif
241;Mantap heker indonesia jiwa negara nya, , ,  bongkar hbis kejahatan penjahat di indonesia;Negatif
242;Membuka Data Milik yg katanya pejabat publik yg hanya bisa mengeluarkan statement dan menampilkan prilaku yg MENYAKITKAN RAKYAT Memang Layak Diretas dan Dibuka kepada publik .  Agar publik akhirnya bisa tau SIAPA MEREKA SEBENARNYA;Negatif
243;"Segera pemerintah merubah prinsip
1. angkatlah pejabat sesuai dengan keahliannya bukan karena kedekatan atau karena uang
2. Putra putri indonesia yg ahli IT di beri prioritas dalam penerimaan ASN agar menyeimbangkan perkembangan zaman
3. para hacker yg berasal dari indonesia di rangkul dan di bina, kalau perlu di berikan pekerjaan utk membantu membeckup data2 pemerintah bukan di tangkap atau di binasakan";Positif
244;Semoga bjorka bisa Live buka semua isi Data kpalsuan pemerintahan di semua media Televisi;Negatif
245;ini semua karena tidak ada keamanan ekstra dalam pemerosesan data , semua tidak dienskripsi secara baik dan berkala, sebagai contoh simcard , kita dengan mudah mendaftarkan nik kita , hanya melalui sms , itu terdengar sangat rentan;Negatif
246;Lembaga Sandi Negara adalah lembaga pemerintah nonkementerian Indonesia yang bergerak di bidang pengamanan informasi rahasia negara.  Lembaga ini didirikan pada tanggal 4 April 1946 | Wikipedia| .  BSSN itu cuma perubahan nomenklatur lembaga negara saja Bapak Kepala BSSN. ;Netral
247;sebegitu lemahnya cyber army kita. .  sampai belum bisa melacak atau meng heck balik . .  pelajaran besar buat badan sandi keamanan negara;Negatif
248;Yuk bisa yuk minta anggaran buat mencegah peretasan;Negatif
249;Mudah²an sang hacker ngebocorin semua data pemerintahan ke public spy public bsh tahu kelicikan pemerintah. ;Negatif
250;Sistem keamanan siber tidak lemah.  Hanya saja si bjorka nya  sangat pandai;Negatif
251;Turut prihatin dan khawatir dengan terjadinya lagi dan lagi sistem data keamanan Indonesia yg kerap dibobol oleh hacker.  Ayo Indonesia 🇮🇩 bangkit!;Positif
252;Ranking Indonesia untuk Cyber Security antara terendah di dunia … Singapura dan Malaysia rank 18 dan 19;Negatif
253;"harus lebih rajin lagi untuk bekerja dan mengecek analisa keamanan data. 
masa gampang bgt di bobol sama Bjorka ?";Negatif
254;Hubugany sama covid apa? Kan kerjanya work from home .  Apalagi yang bekerja di bagian IT tidak akan terganggu karna bisa di lakukan dimana saja : | | | ;Negatif
255;"Cara paling aman menyimpan data adalah tidak menaruh data apapun di internet atau yang terhubung dg internet.  
Jika media simpan rusak,  maka data bisa lenyap selamanya,  tanpa ada orang yg tahu sama sekali. ";Netral
256;Kereenn !!! Bobol trus donk biar rame niy negri !!!;Negatif
257;"Ujung2nya tambah anggaran buat memperkuat sistem SIBER bukannya lemah hanya saja yg kerja "" ORANG TITIPAN""  bukan ahli nya!";Negatif
258;Dgn kejadian ini hrsnya berbenah biar lbih serius menjaga;Positif
259;"Ini adalah bentuk kekecewaan dan ketidak percayaan terhadap situasi pemerintah saat ini, 
Salam sehat untuk bjorka";Negatif
260;Ini lah buktinya pemerintah sudah tidak mampu lagi untuk melindungi data dirinya sendiri apalagi melindungi data rakyatnya. ;Negatif
261;"ENAK MEMPERKAYA DIRI SENDIRI AJA KETINBANG MEMBANGUN SISTEM KEAMANAN YANG LEBIH BAIK DAN MEREKRUT ORANG PINTAR YANG ADA NI NEGRI INI |  BEGITULAH KIRA KIRA | 
KASIH PAHAM TERUS BJORKA !!!!!";Negatif
262;Betul itu pak,  para pejabat terkait tidak tahu apa yang kami alami kalau data- data kami dibocorkan oleh hacker.  Bahkan sebelum Bjorka tenar seperti saat ini sudah dari dulu banyak masyarakat yang mendapatkan SMS,  telpon dari nomor asing yang tidak diketahui.  Saya sendiri juga heran,  kenapa e hampir tiap hari ada nomor asing yang masuk? Darimana mereka tahu nomor yang bersangkutan?.  Jujur,  sistem keamanan cyber Indonesia sangat amatlah lemah sehingga data- data penting dapat dibocorkan oleh hacker. ;Negatif
263;Setujuuuu. .  kasus cyber crime ini sdh lamaaa menjamur tp tdk diperbaiki  sekarang pemerintah rasain tu gimana rasanya datanya bocor,  kalangan bawah sudah pernah merasakan penipuan akibat kbocoran data namun tdk ada tanggung jawab dari pihak polisi ataupun instansi terkait;Negatif
264;Jika seringnya dibobol dan dibobol lagi datanya kalau demikian yg bekerja sebagai ITE data tsb kalah pintar dengan ITE yg membobol sebaiknya agar tidak dibobol kembali pekerja ITE nya diganti oleh ITE yg tukang bobol itu ,  bisakah menemukan si pembobol tsb ? Pastinya si pembobol itu ahli ITE yg lebih pintar dari si pembuat data;Negatif
265;Kebocoran menandakan kelemahan institusi pengelola data.  Dimanakah datanya?  Lantas,  mampukah pengelola data untuk mempertanggung jawabkannya?;Netral
266;mantap bjorka.  Kalo ga ada Anda.  Mungkin pemerintah ga akan pernah berbenah diri.  Karena terlalu jumawa punya big data. ;Negatif
267;Ilmu yang dimiliki para penjaga security systim di Indonesia negara dan perbankan kalah jauh dari para hecker. . . . kalau tujuan para hecker itu untuk memeras maka lawan dan hancurkan kalau mampu tapi kalau tujuan para hecker untuk membongkar kejahatan birokrasi Indonesia maka GO ON;Netral
268;Oh badan cyber masih ada toh?;Negatif
269;"Ayo lanjutkan para "" Hacker '  bobol tuh my Pertamina. . . .  rakyat sudah banyak yang menderita karena ' ' kebijakan2""  pemerintah. . . ";Negatif
270;Semua situs di blok dan menjadi lebih sulit memasuki web. . kok bisa malah di hacker. pekerjakan hecker yg sudah di ketahui skill nya jgn yg cuma menguasai komputer saja . . . banyak hecker indo yg hebat dan lebih baik;Negatif
271;Segera kerahkan cyber crime,  bila hacker dalam negeri pergunakan UU Subversiv ,  bila hacker dari LN jalur diplomasi untuk mengejarnya. . ;Positif
272;Ayoo Indonesia prketat keamanan data kita;Positif
273;"Mari hacker Indonesia siapa berani mencaplok data Indonesia.  Mari kita balas.  
Tolong para hacker Indonesia yg paling handal untuk membalas nya. 
Semoga  presiden kami terutama pak Jokowi dan TNI/ polisi membuka lowongan kerja untuk para hacker Indonesia banyak orang pintar handal hacker. ";Negatif
274;"Pertanyaan Mbak Rivana, selemah itukah perlindungan data oleh Negara sehingga bisa dibobol berkali- kali.  
Jawabannya mungkin lemah.  Yang kuat oleh negara adalah MENINDAS RAKYAT DGN SEGALA KEBIJAKANNYA YG UGAL- UGALAN. ";Negatif
275;Bocor terus gak ada perbaikan,  setiap bocor tinggal saling salah- salahan,  terlupakan,  bocor lagi;Negatif
276;kebocoran data negara salah satu ancaman serius bagi indonesia tingkatkan pengamanan yang ketat,  tapi para pejabat menganggap itu cuman data padahal itu mengancam masyarakat indonesia.  tidakkan bjorka memang mencuri data tapi juga membuka mata untuk team cyber negara bahwa indonesia lemah dari sisi pengamanan digitalnya. ;Netral
277;""" Data kita ada di mana2""  ini pernyataan lepas tanggungjawab. .  tidak layak menjadi pejabat pelayan rakyat . . ";Negatif
278;"Bongkar sekalian pengadaan barang jasa,  BPJS,  karena itu sasaran empuk
 lalu 
Publikasi kan";Negatif
279;Selagi mengunakan google apa yang  tidak bocor, berkaca pada Rusia dan caina;Negatif
280;Menkoinfo tak. mampu mengendalikan database masyarakat. . . ;Negatif
281;Kata pejabat kominfo diminta sering ganti password agar data diri aman kok bisa bocor. ;Negatif
282;masa ribuan pns yang ada di Kominfo dan BSSN gak ada yang jago di IT dan bisa bikin software pertahanan serta security hingga di jebol berulang- ulang sama hacker luar negri miris ngeliat nya. . ;Negatif
283;Pemimpin kita sibuk ngurus BBM sampai lupa dengan ruang cyber. ;Negatif
284;ga perlu di goreng terus,  itu hacker ga akan aktiv terus menerus di twitter,  seorang hacker itu klo usdah bobol data hilang.  ga pakai konfirmasi melulu,  jadilah masyarakat indonesia yg cerdas,  bukan yg panic;Negatif
285;"selamat Bjorka, 
Next diangkat menjadi Duta Hacker Cyber Indonesia";Negatif
286;Presenternya jadi ikut emosi,   karena baru sadar data dirinya juga ikut tersebar. . ;Negatif
287;Hehehe udah jebol berulang ulang,  baru sibuk mengamati dan memvalidasi.  Sangat responsif;Negatif
288;gak usah beralibih pak Hinca,  ngaku saja kalau masih ada kekurangan dari segi pengamanan,  sampai sajakan bahwa BSSN dan lembagan terkait pengelolaan bigdata masih butuh improvement;Negatif
289;Kalau untuk kebaikan rakyat Indonesia saya sih mendukung para hacker coy.  Bocorkan saja sudah semua kejahatan2 para pemimpin yg bermasalah.  Tindak tegas semua tanpa pandang bulu.  Sudah waktunya negara ini bersih2 dri para hama yg membuat bau busuk !;Negatif
290;ibarat genteng bocor , jangan salahkan air hujan nya , tapi genteng nya yg perlu di ganti yg bagus;Negatif
291;Infrastruktur IT begitu majunya sayang mengapa tidak disertai dengan benteng keamanan dari serangan heaker? Apakah negeri ini belum siap dengan teknologo IT;Negatif
292;Nasib nasib. . indonesia indonesia. . selemah itu kah sistim mu. . bolak balik di retas miris dan menangis aku mendengarnya. . ;Negatif
293;wuih. . . . keren buanget ini pembobol data . . . | byorka ini sangat perduli sama NKRI,   suka suka menyerang petinggi,  . . . .  entah sampai kapan ,  dia up date kondisi NKRI. . | ;Negatif
294;Perlu ketahui juga,  jgn pernah kaitkan nmor hp wa dgn email. . klo TDK mau di sadap semua isi hp;Negatif
295;"Pantesan. . no hp umum nya di masukin macam2
Rupanya data pemerintah. . sangat mudah data masyarakat di bobol. . ";Negatif
296;Bayak yg gagal faham data masyarakat yg bocor seperti ktp,  kk,  maka bisa di salah gunakan, , , ,  seperti pinjaman online,  menyedap hp,  dan akun piribadi anda. . . ;Netral
297;System pengamanan data Indonesia  masih sangat lemah,  apa kabar kominfo?;Negatif
298;Yg duduk di bidang pengamanan cyber semua nya uda tua dan tidak update ya gitu akibatnya;Negatif
299;"bersyukur terhadap hacker udah ngebobol data pemerintah . . . 
terus berjuang buat para hacker. ";Negatif
300;"Peratama ngomong benar. . . perbanyak keamanan hacking indonesia. . . atau siber. . . 
Cari pakar it yn pinter pinter. . . agar data pemerintah tak bisa di bobol. . . 
Angaran harus banyak. . . . ";Positif
301;"Data bocor juga tidak pyur dari keamanan yg kurang baik 
Tp kadang penguna , atau masyarakat nya ngk hati2 masuk ke situs link, 
Kadang cuma karena uang 10k pada  siap masukin data ke situs, wab. ";Positif
302;Bukan sistem nya yg lemah,  hacker nya aja yang pintar. ;Negatif
303;"pihak pemerintah jgn gaptek dong
biar gk dibobol hackers";Negatif
304;Sistem keamanannya bisa jadi bukannya lemah tpi tidak ada;Negatif
305;Dunia IT memang bukan dunia yg aman,  bahkan sekelas Google,  FB dan CIA pun bisa diretas.  Sebaiknya kita jg ikut menjaga data diri kita,  sekali data diri kita masuk dunia online. . . kita gak bakal tahu siapa yg akan mempergunakannya kelak. ;Positif
306;cyber crime spt dengan mudah mengakses data data penting di republik ini.  Persoalan password yg lemah atau bocor diruang publik menjadi persoalan yg menakutkan. .  bgmn jika terjadi padah ranah ranah privat. .  yg disebar luas utk kepentingan mendegradasi trust publik;Negatif
307;jadi ini -  sebagai sumber KALIM BIG DATA 110jt,  berarti bisajadi adanya kasus PEMBOBOLAN DATA oleh Bjorka juga atas dasar permintaan kita | mereka|  juga untuk kepentingan golongan tertentu;Negatif
308;ditanya apa dijawab apa,  data bocor masih baru mau akan divalidasi. . . . . atap bocor,  air nya yang divalidasi air beneran atau bukan. . . . . . how slow can you go. . . ;Negatif
309;Iya bener harus di validasi dulu lah orang data juga dari dulu juga banyak data,   ya tapi ga ada efek nya di hack juga kalo ada efek Ngtif sikat hacker nya aja sampe ketemu kalo ga mau di hack non aktifkan internet wow;Positif
310;Ya itulah lemah nya . kebocoran data . itulah jadi nya;Negatif
311;memang benar,  sistem keamanan siber indonesia lemah. ;Negatif
312;"Bahkan server KPU pernah diretas anak MTs.  
Apa gak malu?";Negatif
313;Kalau itu bocor pasti ada salah satu media nasional. di kasih sebagian data retasannya. sebagian gantinya dia minta imbalan. lah hecker ini dia upload di akun sendiri. itu kan cuman cari popularitas. ;Negatif
314;Katanya data akan aman. . . . . .  mana janji kalian . . . . . ;Negatif
315;mereka bukannya malu kalau datanya bocor tapi mereka hanya takut kehilangan jabatan dan kepercayaan masyarakat;Negatif
316;"Nunggu data rahasia apalagi yang bakal di bocorkan. . . . .  kan enak kalo di sangkal data itu bukan data rahasia . . . .  "" data yang sudah banyak beredar"" . . . . .  jadi bukan hasil kerja hacker. . . .  hehehe. . .  keren bagian penyimpanan data rahasia tetep jadi rahasia karena datanya juga misteri | ada apa tidak| ,  kalo memang hacker jago ungkapin data2 perbankan targetnya. . . . .  baru keren. . . . ";Negatif
317;harusnya sistem indonesia itu kaya luar negeri.  hacker itu diberdayakan bukan dipenjarakan.  ibaratnya ga terima kalo ada orang yg lebih pinter.  padahal hacker autodidak banyak lbh pro drpd yg bljr di kampus. ;Netral
318;Mereka tidak percaya data sudah bocor. ;Negatif
319;"Boro² nanggapin soal kebocoran data. 
Situs resmi pemerintahan aja acak adut ui sama sistemnya. 
Katanya semua serba online tapi yg ngurus seperti amatir dan belum siap. 
Mau bocor berkali²pun ya wajar. ";Negatif
320;Kalo pedulilindungi dibobol juga awas aja data masyarakat ada disana. ;Negatif
321;Jangankan data2 di Indonesia,  bahkan sistem cyber di luar negeri bisa di bobol oleh Hackkers Indonesia.  Contoh Hacker Indonesia pernah memindahkan arah satelit israel Ketahuilah bahwa Hackkers Indonesia itu jenius .  Nah maka kejeniusan Hacker tsb seharusnya dimanfaatkan buat kebaikan dan kemajuan pembangunan Indonesa. ;Netral
322;Bagi pengamat bjorka apakah anda sadar. yg dirugikan rakyat seharusnya anda yg di percaya rakyat untuk mengamankan data,  jgn cuma alasan saja;Negatif
323;Gak bisa di pungkirin kalo tim perlindungan data pemerintah kalah pinter sama hacker ini️;Negatif
324;Bukan lemah,  bjorka pakai sistem diatas sistem,   hacker pegang kontrol 4tingkat,   satelit2 control utama dunia mereka punya akses;Negatif
325;"sepertinya hacker ini ngebobol data data itu cm ngebocorin org""  yg korupsi yg harus di basmi begitu jg dgn fs. 
jika kalian merasa tidak bersalah kenapa takut hacker itu cm buat yg koruptor. ";Negatif
326;kesempatan kita membangun aplikasi dalam negeri kalo produk luar negeri sama aja bocor. . .  ngapain beli mahal dari negara lain;Negatif
327;selagi  program data di buat manusia, pasti ada interfensi dari manusia itu sendiri. ;Netral
328;BILA PERLU BUKA DATA2 REKENING PEJABAT NEGARA INDONESIA YG ADA DI LUAR NEGERI, DI BEBERKAN SATU PERSATU KE PUBLIK. . ;Negatif
329;Hadaah cuma lapisan pertama yg dibobol.  Terlalu di gede gedein.  .  Utk yg lebih dalam lagi masih aman. ;Netral
330;"Tetep aja mau uud Siber dibuat kaya gimanapun juga selama keamanan datanya tidak diperbaiki tidak ditingkatkan,  buat apa ?
masi akan byk bjorka2 yg lain pakkk. ";Negatif
331;Menterinya ilmunya ga sampai kayaknya.  Data sampai jebol ber kali2 . ;Negatif
332;Bjorka???. . . . . bjorkadrun kaleee. . . ,  nggak ada tuh data sim bocor. . . . manaaa?;Negatif
333;Coba deh main ke Kantor KOMINFO waktu jam KERJA,  nanti pasti tau kenapa kita KEBOBOLAN terus;Negatif
334;"Kebocoran data sistim dibikin sistimatis LIMPAHKAN TUDUHKAN UUD ITE PADA
Kominfo -  Efek domino, ikut alihkan kasus nasional . ";Negatif
335;Palidasi kpd orang yg dibocorkan,  tinggal ditanya kpd orang yg dibocorkan. ;Negatif
336;Negaea kok bgini gak bisa nglindungi data warga  isa diperjuyal blikan kan bahaya skali ini bagi warga dan negara. mkanya klo naruh orang se level mentri itu yg tau tupoksi keahliannya . klo bgini mkin hancurlah;Negatif
337;Bagus, . . . bongkar data KPU biar rakyat tahu hasil pemilu 2009 yang sebenarnya;Negatif
338;Katanya hoax. . . . malu ya kalau mengakui perlindungan datanya lemah. . . . ;Negatif
339;"Gw tuh pengen denger "" INI KESALAHAN KAMI ATAS KETIDAK MAMPUAN  KAMI UNTUK MENGEMBAN TUGAS UNTUK MENJAGA AMANAT YANG DI BERIKAN KEPADA KAMI DENGAN INI KAMI MOHON MAAF DAN SAYA MUNDUR PER HARI INI TERIMAKASIH"" ";Netral
340;Saya juga telah berhasil membocorkan data diri saya sendiri;Negatif
341;Sistem pertahanan lemah.  Tidak masalah.   Yang penting korupsi bisa tetap jalan tanpa Ada yg tau. ;Negatif
342;Ah orang dalam. . . . . data saya dibobol oleh pak RT. . . . dari tgl lahir,  alamat,  nik,  dll. . . lengkap;Negatif
343;Bisa bisa yg merasa data pribadinya sdh digunakn oleh org yg tdk bertanggung jawab memperkarakan pemerintah,  krn tdk mumpuni meng amankan datanya️;Negatif
344;Terlalu merendahkan hacker sehingga keamanan pun tidak  canggih;Negatif
345;"Ahli telematika jadi Menpora. 
Ahli pertanian jadi Menkoinfo
Guru ngaji jadi menaker
Kalo ada kebocoran data ya wajar,  Krn pekerjaan tidak di pegang oleh ahlinya";Negatif
346;"Kalo petinggi NKRI,  kuat bisnis dengan rakyaty sendiri N bohong itu ya kuat kalo ptinggi negara,  muda"" han bocorkan semua yang akn bisa buat masalah dalam pdip, ";Negatif
347;sistem cyber RI jadi bahan lelucon negara lain;Negatif
348;saya mendukung bjorka membongkar data2 intelejen;Negatif
349;Mudah nya sekurity ke amanan Indonesia di bobol hacker, , disini kita menilai SDM Indonesia di bidang intelijen sangat lemah, , sekurity ke amanan Indonesia di anggap kacang oleh hacker asing, , ;Negatif
350;Disaat BSSN sibuk validasi data,  Hacker sudah lebih jauh menjarah data2 lain;Negatif
351;Komentar disini hampir SEMUA dukung bjorka ,  apa ini menandakan bahwa rakyat Indonesia sudah tidak percaya Dan kesal pada pengelola negara ini;Netral
352;Buset,  yang jagain data malaj boomer.  Mau gimana pertahanan data nya?;Negatif
353;Lemah emg sistem pertahanannya. ;Negatif
354;Kalau sampai bobol ya sdh jelas lemah.  Sdh jgn mbulet aja.  Ngaku lah.  Banyak org2 yang ga pantas duduk di posisi yang penting;Negatif
355;"Kalau ber ulang""  kebocoran data itu namanya dungu. ";Negatif
356;Mengerikan mendengar omongan yg kluar dari bapak yg memimpin badan siber negara,  sama sekali tidak kompeten lho. . .  ckckckck. . ;Negatif
357;"bobrok,  lemah. . . tidak serius melindungi data masyarakatnya. . 
Love bjorka";Negatif
358;"bjorka pintar
pemerintah semborono
data- data kok bisa bocor?
mana peran intelijen";Negatif
359;Pemerintah amatiran,  beli software security juga di korupsi;Negatif
360;Makanya kalo ada hecker anak bangsa jangan di penjarakan. .  . . justru di rekrut di tempatkan sesuai kemampuan nya. . . . demi keamanan negara ini. .  Jangan di taro orang yg planga plongo. . .  Ya jadi gini akibat nya. . . ;Negatif
361;Badan siber itu hrs diisi milenial yang canggih. .  gk ush yg tua2. . ;Negatif
362;"Nungu waktu megatron data kena bobol
Megatron :  ngak usah pusing2,  balik aja ke jaman mesin ketik,  ngak usah online2nan.  
Kebiasaan pejabat birokrat selalu lempar tangan dan terima beres. ";Negatif
363;Wow . . . kecolongan lagi . . . parah. . . memalukan;Negatif
364;fix berarti data memang bocor,  bukan data hoax yg tersebar! wkwkwk;Negatif
365;banyak data file foto KTP yang tersimpan di disdikpora di daftarkan pinjol ilegal;Negatif
366;Siap2 data my pertamina juga bocor;Negatif
367;Rakyat biasa datannya bocor paling dpt sms godaan pinjol dan penipuan receh.  Kl org gede datanya bocor,  panas dingin tuch,  takut ketauan da banyak transfer uang kecewek simpenannya wkwkwkkw;Negatif
368;Kominfo kerjaan nya cuma ngeblokir doang;Negatif
369;Sistem keamanan negara ko lemah. . bjorka memang top. . mantul. . mau alasan apa pun bukti sudah ada. . ️;Negatif
370;data bocor bisa dipake curang dalam politik,  siapa menang siapa kalah. ;Negatif
371;bjorka :  cuma dapat data dari oposisi,  seakan2 diretas padahal cuma jual beli data.  Cuma Data pribadi pinjol ilegal juga bisa. ;Negatif
372;Itulah keamanan ciber lemah makanya gampang di bobol ,  lemahnya ciber sudah pasti lemahnya negara;Negatif
373;JANGAN KAWATIR AKAN BOCORNYA DATA. . . .  GUNAKAN NO DROP. . . . kwkwkwkwkw;Negatif
374;Ngeles aja luh pak!!. . . . atau bingung dan tidak tahu bocornya dari mana. . . sebego itukah???;Negatif
375;Dia ga bobol data dia jual beli data. . ;Negatif
376;Data bocor. . . . bocor. . .  Kayak iklan harus beli a*** proof. . . .  Beli 10x klo dasarnya gak bener ya tetep bocor. . ;Negatif
377;Proyek data sekurity siber baru nih . . . trilunan nyayur ini;Negatif
378;Bjorka hacker bohongan,  yg perlu di benahin adalah pemilihan pegawai yg senang bocorkan data. .  Ini bukan ulah hacker;Negatif
379;emang enak ya. . . .  biasa ngintipin aktifitas sosmed rakyat,  skrg dianya diintip orang wkwkwkwkwkwkw;Negatif
380;Bukan pengamanan siber yg lemah,  tapi PEJABAT disitu yg tidak professional;Negatif
381;Bobol duit negara ngak masalah apalagi data;Negatif
382;Bobol juga tuh pinjol2 yg ada diIndonesia baik legal maupun ilegal. biar cepat bangkrut. ;Negatif
383;Bkn ancaman masyarakat buk jgn slh kata mgkn tpt nya ancaman bgi pejabat yg arogan;Negatif
384;Bocooor,  bocooor,  bocooor data ya pakai no drop biar gak bocooor;Negatif
385;SUPAYA TIDAK DIBOBOL HACKER MASUKKAN KOMPUTERNYA KE DALAM KARDUSSSSSSSSSSSSS. . . . . ;Negatif
386;Baguss . . makan. nya ikuti perkembangan tehnologi bos,  jgn gaptek banget,  dan jgn main main dgn kecanggihan tehnologi. . . sangat miris dengarnya sampai dokumen presiden  di sadap juga;Negatif
387;Karena  yg menjabat itu orang2 bocor halus semua. . . . cuk. . ;Negatif
388;bukan sistemnya lemah,  TAPI MEREKA STUPID, . . ;Negatif
389;Ayoo berbenah;Positif
390;iyalah kebobolan. . . orang cuma jago ngomong. . praktek nihil ! ketar ketirnya pada saat kejadian. . . giliran gak ada kejadian. . pada leha leha. . kwkwkwk;Negatif
391;Kami mendukungmu hackers.  Bongkar terus data para pejabat tengik dan pencuri uang rakyat;Negatif
392;Intinya KOMINFO harus di pecat aja, jk tidak bs bertanggung jawab dalam kebocoran data orang banyak,  mundur aja daripada malu malu in masyarakat,   DOING BEING AN IDIOT,  JANGAN JADI PEJABAT YG IDIOT,  sampe sampe data pribadi bs di bobol;Negatif
393;Wkwk dulu yg bilang sebelum pemilu data kita aman;Negatif
394;Sudah jelas ada data bocor da.  Ada buktinya aja masih ngeyel.  Ngak berasa kecolongan atau ngak peduli. ;Negatif
395;"Sedih ada pejabat kementrian ketika kementriannya di Hack malah memelas pasrah "" Jangang di hack duoooong""  walah pelajaran buat inteligen negara karena apapun levelnya hacking yang dilakukan Bjorka ,  adalah fakta BIN dan Sandi Negara sudah kebobolan dan  di cengin Bjorka";Negatif
396;"Kebocoran data sangat berbahaya,  sehingga kita perlu bersama""  menjaga data kita";Positif
397;Memang cyber security indo ampas.  Selamat dtg dimetaverse,  dimana identitas data yg terbobol jika digunakan untuk keburukan berimbas ke pemilik asli. ;Negatif
398;"Ini lah klo dh slah gk mengakui,  ini dh berkali2 tpi masih lempar2 tanggung jawab 
Yg bocorin BPJS aj gk ketangkap,  lebih baik kasi ke pihak swasta aj dh data kita ngadalin pemerintah makin carut marut
Kaum boomer turun lah ini era digital bukan era elu lagi";Negatif
399;Mana yang ga falid tong. . . kok ga mau nyadar kalau ketahanan ITE mu lemah. . .   Wkwkkwk sampeek sesak Pratama njelasin. . . oh my God;Negatif
400;Hacker sipil aja mudah masuk . . . .  Apalagi cyber army negara yg bobol. . . bubar data negara ini. . . . ;Negatif
401;Potret pemimpin indonesia data dibobol ga ada malu apalagi minta maaf tpi masih cobgkak dan sombong. mkanya indo ga maju2;Negatif
402;"Semua pandai ngomong. . . . hehehe. . . . udah lah. . . . bongkar semua. . . . ga perlu berahsia2 antara kita. . . . 
Kepala keamanan Siber BSSN udah gagal. . . klu punya maruah. . . . undur diri dong. . . . beri pada yg  berkompetensi. . . . ";Negatif
403;"Ad surat presiden ke bin. . msh d bilang dari pasar dark web. . wkwkwk. 
Ketua bssn makanya kerja nyata bukan berkoar koar yg ngawur. ";Negatif
404;"Kominfo bacot doang blokir aplikasi 
Alasannya biar melindungi data masyarakat Indonesia 🇮🇩
Ga perlu disaring data sama pihak aplikasi terkait lah. .  
Bocor ini buktinya kita jangan mau diatur- atur sama kominfo";Negatif
405;Klu hecker orang indonesia dan membobol pemerintahan,  y harus di tangkap karena dia penghianat Negara. ;Positif
406;Gua saluut si sama bjiorka yg BSA menunjukan bhwasanya Sistem keamanan data Indonesia Sangat lemah.  Dengan mudahnya diobok- obok hacker luar negeri. lawakkkkk bet. wkwkwkwk;Negatif
407;Gelek,  bikin aturan abal abal,  sok buat aturan harus registrasi simcard,  manfaatnya gak ada,  yang ada justru penipuan.  0 besar;Negatif
408;Kalo kartu PRAKERJA di bobol juga mantab itu. . . karena lebih lengkap BIODATANYA. . *.  BSSN plintat plintut. . . bicara index segala. . . yg jelas data rakyat Indonesia BOCOR. . . KTP.  KK. pln. telkom. bbjs. dan peduli lindungi. . . . . malunya tu. . . Kominfo lemah. . . . ;Negatif
409;SEBAR DATA OLEH BJORKA PANIK, SEBAR DATA NASABAH YANG MARAK OLEH PINJOL BIASA BIASA AJA GAK ADA PENANGANAN SERIUS;Negatif
410;Biar aja  Hacker Bjorka membobol data pertamina,  biar semua orang tahu bobroknya  PERTAMINA!!!!!!!!!!!!!!!!!!!!!!!!!!!!!!;Negatif
411;"Banyak bicara ini itu. . . yg simple2 aj. . Data KK. . . . banyak yg bocor. . . . lihat di online shop. . . . bnyk kartu perdana yg sudah di regristrasi. . . 
Aturan regristrasi perdana kartu aturan rezim North korea";Negatif
412;Lah gmn data ga bobol trus,  kepala bssn nya ajj bego,  ditanya apa jawab ngaler ngidul. . . ;Negatif
413;Harusnya mikir klo msh bisa d bobol brarti bobrok sistem klean wahai rezim;Negatif
414;biasa saja datanya.  kalau data kita2 rakyat jelata,  gak urus dah.  hey bejo,  coba buka data yang bikin gempar.  helehhhhhh jangan2 bjorka ini cebong nyamar, ;Negatif
415;Pejabat2 pada sibuk nggarong  kecolongan data2nya bakal nyebar,  sooo. . pada kelojotan Luh,  masy gembira,  kebusukan terbongkar. ;Negatif
416;Emang kerjanya hecker  tukang bobolyg yg suka ngobol ngobol data orang;Negatif
417;Kalau mau nipu seharusnya paling tidak bocorkan juga data pihak oposisi,  ini malah sebelah pihak.  Kadrun nipu aja masih bod oh  apa lagi bekerja dengan otak? Ngak mampu. ;Negatif
418;Hey Hacker!! Jangan menyerang keamanan siber kami,  atau kami akan mengganti password kami secara rutin dan menjaga data- data kami secara mandiri;Positif
419;"Terlalu sibuk ngehack warga nya sendiri dan blokir2.  Cloning2 sim card,  semua itu cuma pakai surat perintah.  Yang begitu sih itu anak  kuliah semester 3 juga bisa.  Ilmunya ilmu kekuasaan.  Begitu dihadapkan dengan hacker beneran nggak bisa apa2.  Malah memohon mohon.  Kok tidak malu ya? Nggak cium tangan sekalian?
Harusnya gagah berani lawan dengan keahlian. ";Negatif
420;Jangan berhenti berkarya demi keselamatan negeri ini.  Ingatkan sebelum negeri ini diambil alih bangsa lain.  Saya lahir di negeri ini,  cinta pada negeri ini,  dan akan mempertahankan negeri ini sebisa saya. ;Positif
421; Semoga pemerintah bisa bantu rakyat indonesia jaga keamanan indonesia;Positif
422;"Semakin keruh aja keadaan bangsa tercinta ini 
Semoga ALLAH SWT menjaga orang2  yg memiliki tekad  berjuang untuk negeri ini Aamiin";Positif
423;"Bukan bjorka yg merugikan kita, , , 
   Tp yg merugikan kita adalah yg kita percaya tp tdk mampu menjaga";Positif
424;"Ini pasti kreatifitas anak bangsa!
Jika pemerintah tidak merakyat ya tidak bisa menemukan dia 
Karna banyak yang mempunyai kemampuan ini di negri ini dan malah lebih tinggi ilmunya tetapi belum siap";Netral
425;Bila warga negara menjadikan seorang hacker sebagai pahlawan,  ini pertanda ada ketidak beresan dalam penyelenggaraan negara dan menunjukan ketidak percayaaan warga terhadap pemerintahnya. ;Netral
426;Menurutku bukan udd yang harus direvisi,  yang harus di ubah pola pikir pejabat bahwa security digital harus lebih serius di tanggapin.  Bukan sekedar rekrut pegawai tapi skill dan pengalaman lebih di utamakan di bandingkan persyaratan ijazah. . ;Netral
427;"Baik bagi pemerintah untuk introspeksi,  jangan hanya bertanya mengapa masyarakat malah "" menyanjung""  atau "" mendukung""  peretas. ";Netral
428;Saya dukung pemerintah untuk memperketat sistem keamanan digitalnya. ;Positif
429;kita lihat, siapa yg dirugikan oleh peretas ini.  kalau mereka merugikan rakyat indonesia baik secara langsung atau tidak maka kita tidak boleh mendukungnya. ;Positif
430;Pemerintah harus dan wajib melindungi data pribadi masyarakat. kalo sudah bocor begini apa boleh buat️.  kelalaian pemerintah yang keamanan data kurang akurat. semoga kedepan nya keamanan data masyarakat di perkuat. kenapa pemerintah Indonesia lalai terhadap keamanan data️. . apakah data keamanan masyarakat Indonesia sangat lemah️. ;Netral
431;"Dampak baiknya Bjorka membuat pemerintah bisa intropeksi diri dan lebih serius lagi dalam memegang amanah rakyat.  
Dampak buruknya ya data kalian sebagian besar udh bisa diakses oleh siapapun dan kapanpun secara permanen.  Beberapa tahun ke depan data kita jadi sasaran empuk penipu,  pinjol,  dll";Netral
432;Biarpun peretasan tidak di bebnarkan. . . . tapi Itu teguran warga ke pemerintah. . . . bahwa pemerintahan harus lebih konsisten menjaga data masyarakat. . . . . . ditunjuk hidungnya bahwa banyak pejabat yg tidak konsisten dan mumpuni. . . . ;Netral
433;Siapapun dia tetap suatu saat akan merugikan negara kita sendiri sekarang aja kelihatan membela rakyat, , dia hanya menyerang pejabat negara ini , , tapi jika dia disusupi orang yg ingin menyerang negara kita makan kita sendiri rakyat juga yg akan mendapatkan dampak nya , , , ini sudah tugas kita semua rakyat indonesia menjaga melindungi rahasia negara kita kepada dunia luar , kita harus membatu aparat penegak hukum;Positif
434;"Oleh karena itu,  agar data tsb aman,  diinput nya oleh yang bersangkutan,  dan tiap user pake pasword.  Sekarang kan sdh canggih,  data tsb bisa diprintout dan bisa dilihat oleh ybs,  dan hasil print outnya secara fisik disimpin di kantor kearsipan negara.  Jadi jika ada kebocoran data ,  tidak begitu sulit tuk melacaknya,  apakah kecerobohan pengguna user ybs atau aplikasi nya yang eror dan atau lupa kunci setelah digunakan.  
Moga kejadian ini cepat terselesaikan. ";Positif
435;Klo smpai d hukum itu salah besar,  justru seharusnya pemerintah menampung orang2 seperti ini untuk membantu pemerintah, , ,   ambil sisi Pstifnya brooo;Netral
436;Ketika masyarakat sudah percaya sama penjahat negara artinya negara kita yang bermasalah sehingga masyarakat tidak percaya lagi sama pemerintah;Netral
437;Gw cuman bisa bilang polisi digital indonesia kuat banget. ;Positif
438;Hebat. . . memang harus ada orang yg jenius kya gini;Positif
439;"Sadarlah para pejabat,  semua rakyat dukung bjorka. . 
Itu menandakan penindasan pemerintah terhadap rakyat sudah menyakitkan";Positif
440;"Pertama buat Undang Undang. 
Kedua perketat keamanan Cyber. 
Silahkan bisa ambil contoh ke keamanan Cyber China yang dekat saja ngga usah jauh jauh Eropa atau Amerika. 
Ketiga Terapkan di Indonesia. 
Keempat perkuat keamanan lintas negara. ";Positif
441;kalo cuma obrak abrik dan gak di sebar hasil peretasannya udah bagus biar sadar bahwa sistem keamanan data masih belum aman dan segera perbaiki.  tapi kalo disebar yah pasti ngamuk lah para warga yang merasa data pribadi dirinya di sebar luaskan. ;Netral
442;Terima kasih,  tetap semangat ya , kerja tanpa pamrih, kebaikan yg di cari bukan kejahatan. ;Positif
443;"Ini tamparan untuk para petinggi negara 
Berbenah diri lah kalian para pejabat negara 
Kalian di kaki oleh rakyat 
Jadi lah pemimpin yg jujur terbuka terhadap rakyat";Positif
444;Sbnrnya merugikan masyarakat juga Karna dgn data yg bocor bisa aja menambah pelaku kejahatan dan juga korban , dgn scra acak korban nya.  Smgat pmrintah tngkp pelakunya;Positif
445;well,  masalahnya bukan muak,  nih haker sih ngak jago2 banget.  dan kalo emang jago dari awal lah kasih bom news ke berita.  Itu data mah cuma data ecek2 kalo menurut gw,  kita masih ada panutan lain Pak Kamarudin.  Bisa di lihat dan memiliki kepribadian yang pantas di ikuti. ;Positif
446;Saya setuju dg wacana pemerintah hrs berbenah scr keseluruhan di bidang IT,  system keamanan data,  org2 yg duduk di posisinya hrs kompeten,  dsb.  Tapi saya tetap tidak bisa membenarkan cyber hacking hanya krn posisi yg berseberangan dg pemerintah.  Pencurian data. adalah kejahatan. ;Positif
447;Serugi ruginya masyarakat mndukung hacker. . . lebih rugi lagi data rakyatnya di anggap data umum  dan bebs diunduh oleh siapapun;Netral
448;kalau memang gak suka sama pemerintahan harusnya yang diserang bukan data rakyatnya, tapi kog ternyata banyak yang dukung kalau data orang indonesia diretas ️;Positif
449;Kalo pendapat saya. . Bjorka itu org Pandai. . . seharusnya Dipelihara atau dipergunakan kemampuannya. . utk memproteksi file file negara yg sangat penting utk diproteksi. . Krn misal kl bisa membobol. . tentu dia tau memproteksinya. . . Entah sapa yg salah. . . ku tak tau. . . ;Positif
450;Data para pengunjung asing khususnya WN India yang berdomisili di negara- tetangga,  hati hati banyak musuh dalam selimut di NKRI. | BPJS kesehatan di Indonesia| itu data Utama warga negara Indonesia. mohon pak presiden bantuan nya. ;Positif
451;Tidak ada sistem yang aman;Positif
452;"Banyak amat bocah bocah yang baru bangun tidur komen "" Bjorka pahlawan kami"" .  Ye betul,  pahlawan.  Pahlawan yang curi data dan informasi bapak kau itu biar buat ngeakses saldo bank.  Good luck ga makan satu bulan kalau saldo bank bapakmu dikuras habis.  Ayo pemerntah tangkap bjiorka";Positif
453;Bjorka itu bentuk dari jatjal negara. jangan sampai masyarakat percaya kpd bjorka. insya allah sebentr lagi akan terkupas siapa bjorka jatjal itu. . ;Positif
454;Mau dibocorkan mau apa kek, terserah gak tertarik, mending rebahan sambil nge Drakor;Netral
455;Hahahah sekelas Kementerian Pertahanan kebobolan,  ini PR bagi pemerintah untuk meningkatkan Kualitas SDM dan Pendidikan di keamanan siber terutama IT;Positif
456;Kl di bobol ya cari orang yg bisa jaga. . . ganti personel yg ngga bermutu. . . adakan perlombaan hacker. . . lalu rekrut. . . jangan tertutup para pejabat indonesia. . . indonesia banyak orang pintar. ;Positif
457;Hadehhh  kok bisa di retas,  apa gk di perbaiki proxy keamanannya ya??  Harusnya di perketat log proxy IT nya karena 5 thn belakangan ini sudah terjadi hacker peretasan dari negara luar maupun dr dlm negri . ;Netral
458;Harusnya indo menyediakan beasiswa untuk hekcer dan memberikan mereka fasilitas layaknya menteri IT harus dibudidayakan hecker tuh;Positif
459;Keamanan negara di sepelekan . . . .  Ayolh . . serius . . .  Dah brapa kali . . . kemhan dibobol;Positif
460;Rubah semua dan hapus bekas lama.  Dan segera belajar ke Prancis . .  dan update tehnology kita .  MEMPRIHATINKAN TEHNOLOGY KITA .  Satelit segera miliki sendiri .  Dan awasi kemajuan HEACKER!!;Positif
